feature_1,feature_2,target,feature_3,feature_4
2.3935035011211645,3.353835280168424,0,7.595669682784338,5.30509932785657
1.790727237379923,4.65130113723628,0,8.313609891235677,2.753289930310477
2.5395002694208424,1.4773507661543654,0,3.7607411047003225,4.653418445758516
3.7352473687979186,4.129275533892628,0,15.660180745935762,13.621982714410338
1.1509315502458612,2.5163233682383,0,2.2126867734859808,2.0574725151730866
1.7830237638728648,2.1122301455053365,0,4.062440181128319,1.904941623458562
3.895417021217537,2.553416962586422,0,8.594428082523345,16.222756420241904
2.675795085663033,1.671818033638674,0,4.158500202351294,7.647654161542777
1.634404437407779,3.373328944110949,0,5.269246873865261,1.9370445430472008
2.932343093591125,2.0277124880435986,0,6.262612123138743,8.457106381193723
0.9616308093143531,3.2423659691580875,0,3.129274437353243,2.5230556210636106
1.2123068621458275,3.34750088481352,0,3.355416766770516,2.2032357415117283
2.0596120209430513,2.3749028825583154,0,4.398881962580902,4.250785331711268
-0.5779072239220167,1.6733008824245046,0,-0.8676726629745029,0.09629344250026758
0.1789410535638853,2.248148871527866,0,0.36275245670737793,0.10862897110221287
1.2671071232789917,4.066904881131551,0,4.863642089762016,1.0937969039220583
0.7052482032055083,3.045113364981328,0,1.907143834454171,-1.6073744775944168
1.775938089792303,1.172798075768278,0,2.430900772971649,5.196134009309865
1.1009965184373145,2.963984647906526,0,3.0044904916121276,1.3675183328104892
-0.06654196005839169,3.916909363345065,0,-0.3046844484225844,0.4025750975709497
3.7767583117857635,1.690673243800277,0,7.470232520076766,14.205995595765941
1.812281520803615,3.4044117837543153,0,5.457911246462056,2.5492475099216754
2.489231424377104,2.213948258919353,0,4.5851082122597004,6.010348603157695
-0.10234394319188167,3.9167688888698837,0,-0.009062740258925506,-1.5889204794862481
0.44088708382353337,1.675818333548857,0,0.39952512744931723,2.471467918735724
2.1882619710779476,1.0785616667805782,0,2.2010567150070743,3.5539784556435485
1.158961061546493,1.4295847290943546,0,1.2662548461362917,0.3112244583337942
2.8225215278966376,3.1828505630468924,0,8.85376416389403,7.526368571053569
1.3421313966798218,3.1067804937642167,0,4.968976699321565,3.0893924108061066
1.5024766445584536,2.106015678407344,0,3.565303599190021,2.271945066706284
1.5200888443159168,2.892094252753477,0,4.827351966264227,1.0745342985832371
3.9306699614993845,1.1410054140308856,0,3.7768021789430475,16.704504706990914
2.126710661121345,3.0699728151190238,0,5.953367046989901,5.253898862912669
0.8823879330029082,1.4942955899611396,0,-0.10099093282154215,1.317043421525597
3.3051168667734907,2.36585915867472,0,7.41475059920498,11.639531744201458
1.3628856317080968,3.1814604215572233,0,4.814318289581154,4.251819145698829
2.3683611041593364,2.036821874458718,0,5.082402961443124,7.794229214730944
-0.5042932363679802,2.666583587069146,0,-1.4554966986448992,-0.43240367475680375
0.39850444766428517,3.717473039629057,0,1.470279398505222,1.7826907876193694
1.705510711576213,2.361124746568037,0,3.682480775351755,3.2919349770601007
2.677745956667775,4.018756962941909,0,10.863589649549056,7.669419224588367
2.0828572059940336,1.9173850336329121,0,4.376578373707731,2.6460233089179437
1.7039955417537336,3.353844797046102,0,4.906993188195277,2.733215040928404
1.6843820269029701,4.508833541945139,0,7.744422024268324,2.0243192222171933
-0.020952368155572942,0.742738437063696,0,0.45065530630068024,0.828497816624636
1.472496150123691,1.5881223609562798,0,2.1309539179517842,3.2393254125318967
1.4472955943237142,3.9247943466673094,0,6.0306878726185085,0.020178186332521886
3.265756575121111,2.6960781923526858,0,10.2120623059527,10.643131143942497
2.313973532528278,3.498792853343378,0,8.043942661942225,6.4763350140356515
-0.06909098127758692,2.755188890377748,0,0.0062948209613575,-0.1819053986195451
2.6364302426740442,2.6750876783037603,0,6.683653515054032,7.679828069488685
1.2777621987871501,2.631490463879657,0,3.4530446225153133,1.9838417042764567
0.9902586529102725,4.0812174528970955,0,4.2715967096309235,1.322272431616294
2.642893737976042,3.0192947869638846,0,8.077096455705627,6.713572332164678
2.8334381499531767,3.8580836348262446,0,10.421793696772275,6.811790945474371
2.871758785022989,2.331091405729495,0,6.797513108757992,7.125468371931686
0.8500727100694361,2.3457297420814465,0,2.725138808300473,1.4319761268601128
1.8912619031923605,2.628758521661272,0,5.195988726967497,3.596329841985673
2.476284516384854,3.03380728455547,0,7.993563598976211,5.993472761480146
3.2287311259570943,2.460311305652858,0,7.825177707099208,10.000814641401814
1.6802603032360437,3.385010835271465,0,6.062649452242381,2.5180858411501297
1.7359976914836006,4.975542677330685,0,8.777164520832466,4.06059977932453
0.789537486171433,3.843108645761708,0,2.5588229744147832,0.2881253602018791
0.5335855252234462,2.5151768340976477,0,1.5013224544512749,-1.0563512005735878
3.0546396916929264,3.7468728294097144,0,10.949498132720537,10.074475421606028
3.4526604370015126,2.68840259038022,0,8.965701125095773,11.71598742937076
1.1819427066206707,1.4883553863163186,0,1.8538149473623504,1.4283844272665733
3.1639557288145377,1.9974341783176273,0,6.468415448108078,11.618194160297843
2.860787670887143,1.196787314148409,0,2.829138160451342,8.163545540549377
1.5037209151463284,2.8563033424937494,0,4.822075961701656,2.5503602637672365
2.723293971987448,2.637619230225542,0,7.469015689221627,6.237406566564845
4.216483096301028,5.187191709714164,0,21.519341943477162,17.55906024904134
1.9836060303564895,3.3876260126910034,0,5.950922989141796,4.544218928875232
3.936767099198486,3.270456540917868,0,12.802573420103235,13.94276145949042
-1.3289896935379981,3.6094956825262923,0,-5.0199544178779245,1.9670586986459317
2.8914611484421537,1.3342832677594623,0,3.914598458269436,8.461338645595225
2.289187826817148,3.468161206319001,0,7.75771408436715,5.281668362035257
2.0023565105916035,3.936777219642674,0,6.879103066127714,5.046590494166825
2.0682790491383027,1.5916210905261028,0,3.097743086551217,4.612216739952963
-0.5201394769764948,4.069195457784594,0,-2.2693587526613634,1.7486169738658255
1.7365521222519649,3.698655905036576,0,6.739739273758057,2.022023757703767
2.60889711049283,2.6268200470536125,0,6.504003393237284,6.942268700356185
3.340316408849757,3.042660955030139,0,11.00278765133993,11.242180497620883
0.6892214521304517,4.935536919292295,0,2.445857647232213,-0.5942282836782711
0.8646466216806998,3.126112529400671,0,3.35856638644131,1.7039087824751933
1.0316778199243086,3.3412202812500027,0,3.334903370207836,3.3890324299765924
2.9460404819482955,2.5236625537897868,0,7.864604482413507,8.662148446794314
2.3501672359463797,2.515846867473307,0,5.952561620623467,6.028307125189613
1.2283132327726494,3.245005257332658,0,4.5556606660112555,1.593271873619724
3.051661180077251,2.1869925550426808,0,6.480279299065304,8.599051288083304
2.214516488598344,2.526172469603246,0,5.0449403743906815,3.083323000471924
3.2525162965227152,2.750256241880134,0,9.655505389963984,9.873088776050475
1.344198430560198,3.450642211413791,0,4.581607522066118,0.4149110397687681
1.2651554887484475,3.4595450968941837,0,4.487641704720562,3.304720488769441
1.8412037524674916,3.7783750560809692,0,7.5741342885082465,3.2749215641771325
0.2210527762808198,2.873823080642578,0,0.1192889494687227,-0.29705499914571254
2.5564885176498553,3.042642463924284,0,8.076225971155926,7.42478736566336
1.9917091567038208,2.196299575121259,0,4.079442596402276,2.845154262041957
1.5400085181661338,2.5168515658648563,0,3.809888172569465,1.6047621980196989
1.9638623373573316,3.551257678633392,0,7.010320688011289,3.924827549339223
0.41447796736875797,3.544920846249147,0,0.7191806561130157,1.2005609768576175
1.224610146374316,2.3345013735285884,0,2.4694355473376692,2.001355055771712
1.3278436557854685,4.364450188402836,0,6.470843939868968,2.0114939167256
1.3748977122584882,4.676821026798707,0,6.873246124680334,1.968461454409641
1.4496335781405907,3.194554162281478,0,4.599613192168398,2.501673366399467
2.977662914154235,4.985221007739996,0,14.965869442866437,9.068129335458746
3.9932368610582754,1.8382683377688327,0,7.193519634076598,14.915968353737611
2.4010109530807218,1.9270623900412858,0,5.3051895986730315,5.810932818446748
2.2104749261426213,1.356460774954483,0,2.8982462424357918,3.812510740187475
2.0916211304053025,3.935099409629534,0,8.346658121493988,4.455961496058778
-0.46575965899310745,3.3058305031803483,0,-0.9667074157792592,-0.2637158815428657
1.9193454776392516,2.859473660066415,0,5.099632095454079,6.223268685317108
2.084552004547948,3.1897107021775724,0,7.428512430400748,4.305462675913158
4.655234298247901,1.511667872075982,0,6.271937420775844,20.266966805322042
1.9914141458886907,5.562445598422482,0,11.891953915991213,3.8315500897686587
2.2078927408588593,3.2046632646573814,0,6.889214966958099,5.394149100775134
1.8897659017517026,3.0511140550113374,0,5.644541929603153,5.244579109575949
0.29928154247400796,3.4990291738511834,0,0.10218976272026448,-0.49988295827309703
2.6026872797794316,3.7956213696616823,0,9.651418098988598,5.1915531023020165
2.8450113104440784,3.72050615820562,0,10.064978835158392,8.910926367985715
3.673022962935531,2.064457099400727,0,7.278975159407414,12.110498980352055
1.1441163406157204,3.2878182819895496,0,3.6929911385049086,0.8728467593564222
3.6775750592030008,5.029386796098633,0,18.97484325165367,13.26693783056096
0.2389114758867827,4.238011232230882,0,1.1163111940173553,-0.012554759989707426
2.7109682804039386,4.551367466440428,0,12.492451160682993,8.038513474430623
4.792682485524537,2.710680269086216,0,12.443670155083664,22.286171124767268
0.4571125652505206,1.437588353489231,0,0.21676265523636956,-0.06477735485684927
1.6547392328773354,3.2697037773561526,0,6.309869629454101,2.7238915758740836
2.3341960327375424,3.077529069587497,0,6.815955627483972,5.59806907676647
1.6112849327729413,3.9707435751022944,0,7.226103420495937,2.6940663092890245
0.270746604363559,1.2807651240187459,0,0.22523220887491474,0.5093094989969773
2.0881605670754295,4.518279125966769,0,9.436036269955597,5.204254063530517
0.92709391431872,2.322631710387533,0,2.6884803040189267,1.252137241617774
2.745855156884631,3.0216003982885504,0,8.9328232466546,7.993306066099141
0.7904787056371289,2.0002933144210178,0,1.5257829899385849,-0.957366582680727
3.6878407541519773,1.4780439672684427,0,5.256669252160265,13.650397127149905
1.0906529377751115,4.108635515134128,0,4.453135170567088,1.66903137867909
2.0782322260017456,2.7669692299203135,0,5.919383386091688,5.047990379762621
2.604488538147433,1.8520806699695147,0,5.269374720094898,6.09100977110756
0.0827052405535218,1.6246289006667458,0,0.13648025353692267,-0.6521991180736291
2.3223801738959104,2.9182465332748198,0,7.086721040429491,4.8193489968212
3.5838376156957192,4.030853299183945,0,15.265103543102084,13.380305955566921
0.12302261783764948,2.7106803585640145,0,0.5241297999640357,1.049015619423837
2.294746589611315,1.3160108501467054,0,3.1757378382680286,4.858401803241159
2.244898676707667,2.8839358211043025,0,5.714688295961854,5.947532382310883
3.3851464777133966,2.8682896864627905,0,8.394215660776645,11.58269648474001
0.035387953403346994,0.0908255886118205,0,0.19740199631271083,-0.12303346991635883
0.1669029568647947,2.732052974229375,0,0.4085756040697033,-0.18352763280775747
2.595353450695563,2.7358658592241234,0,6.843147560920139,7.482470898639523
1.8634249645335732,3.427213696618856,0,6.50812066316414,3.7979304152340188
2.2478350990854308,5.101551203580983,0,11.437243990592401,7.3285880603280456
2.9141789011147767,4.015802869413523,0,12.266658118398016,7.6402140247052035
1.1902362805945996,1.8590148436486769,0,2.2557223472040415,1.9347641056736422
2.347914708308809,1.781027474271788,0,3.808238960209737,4.983502467681328
1.9736375384066434,5.261796656996669,0,10.879962521190857,3.0259581460191907
0.9578698759565155,2.569835689376205,0,2.353002655538311,0.9066475622299783
4.126370499276526,2.642701300446175,0,11.168033026396962,17.164285976706644
2.4732849760672746,3.0086974544398877,0,7.202660858501627,9.035312127900191
0.9549289418579523,3.596677009242325,0,3.1096575278918794,0.7277434683147465
2.955171648578133,2.949594930235551,0,8.758643427714745,7.602860743075317
0.4969446086461047,2.2443869766550417,0,1.1217503295360964,0.5199646615568159
3.018452958020544,2.5899123173108185,0,8.0574420128841,7.036418222236605
3.5397812193579203,2.829519636718304,0,9.881557593205027,12.43809429831478
1.3572259295343274,2.248195118117292,0,2.13312881707608,1.8580875060954796
3.630213561063698,1.94084541685294,0,6.829296410393675,13.973050881875986
2.190808854775437,2.580881585666381,0,6.051127464576686,5.7732656875903094
2.7432149386302864,2.628045670611311,0,7.060606103402045,7.0216585806166485
3.898878221510352,4.551409035558727,0,17.622197864668085,15.050637371537793
1.635328303064461,0.3200430906025211,0,1.016563777215495,1.9081778281930188
1.2354241151049128,3.9667167735382547,0,4.544590946190851,0.3982101893750629
1.2287830394261026,3.962361374288595,0,4.0974808436814785,1.8198025373618854
0.9982423509487173,1.109083625097341,0,1.0268186855531483,-0.27709775736897724
1.811523691726622,2.262172829935676,0,3.8558927005843664,2.866991185114986
2.4549097674545943,2.8613675081572514,0,6.541275884175823,5.031408006444733
2.081486088707016,1.2918231996041614,0,2.601222791095703,4.882267523771091
3.6194815153516604,1.996452741203214,0,7.471876616681578,14.90207653923884
1.5333039621180709,1.449388597349468,0,2.2177089981807847,1.0494330574436435
3.7996630662574975,4.6018497993579315,0,17.638969255427924,12.584420934183758
2.2894936658833447,4.228272130690855,0,10.587306110105498,5.116894360769889
5.266242953275542,4.426243521527345,0,23.13823432394612,27.749012638882064
2.693789106817559,4.015198697651646,0,10.955272830764386,7.4751590587662395
0.8641773054573327,2.027590992562952,0,1.4975914392230432,0.3004819000331515
0.6608114977979429,2.1443787851611154,0,0.9938502969249634,0.23603253679652872
2.990821440694781,3.390137793929651,0,9.846842974285622,9.312523300660208
1.068286084210127,1.5438124523728158,0,1.4098540737393441,2.1816660503618452
3.316830703299408,4.112170901384101,0,13.81911260169875,9.046317144031361
2.14069800375321,2.4006380079139715,0,6.3135788846259,4.213648504241517
1.832609606041428,2.893288499267136,0,4.944246578668221,3.5722667620963815
0.8550742122283155,3.978846129236122,0,3.1938960667265284,-0.18682419619286172
0.35874931130817844,3.993149372000866,0,1.4009780806003718,1.8598707001313919
0.9847447519544505,2.516127856392071,0,2.675643126183367,0.33431234627309536
3.1663303530127496,4.373026451238296,0,13.978221793060838,9.98435521740256
2.864205379942301,2.6034322233617555,0,8.098812477441944,8.759694555332711
0.09616126416777132,3.4306431038641545,0,-0.8833010574915805,-0.5820378000755506
2.2647289613045367,3.132589183708676,0,5.90100051311654,3.282424220367109
2.2637862023356212,2.1264505505136806,0,4.5658903301967815,4.696073442968601
1.0671372384165512,3.539946630900517,0,4.326258965613007,2.1682224415423437
2.190214460359359,1.1839413611971217,0,1.810261473708681,4.460144255582101
1.8774043894219072,3.812331303325524,0,5.653471352947001,2.6782129399616657
0.7747973280645746,2.946291819668699,0,2.568368732687426,1.5259831090787257
2.9706492653539627,2.532829640529935,0,7.6459771227583495,8.493982161724984
2.6156702941236913,4.176642685092141,0,10.37961599716481,6.3315702739109
3.515588874454787,2.362343266197497,0,7.812257903926639,12.508821223853586
2.8765805750805344,1.9751984476304583,0,5.1969456265656655,9.045466014549445
0.05986584540608819,1.157675912254457,0,0.12457290593034752,2.3852974511787317
1.0163318354659658,3.4029114098080804,0,3.1453295609668204,1.860166507439042
3.063277129211181,1.4877728139224697,0,4.804492393838624,10.543506736736639
2.7232271457303487,5.003851725543148,0,12.199311520756552,6.909999888254807
2.524139814410311,1.188190168634797,0,2.5707321791780933,5.3454136967218435
6.623065210412672,4.83182396408559,0,31.438458218917994,43.92732413099777
2.309946292640885,3.5660655672695967,0,8.109249597242473,5.4430217901449645
3.5440333661233288,2.5498746279166933,0,8.767816881523,11.481659758830855
3.4095020348888654,2.9552481466563916,0,10.4748464595744,11.449409596007301
2.6460424017170334,3.8561077008657483,0,9.273756096248324,7.4008579934035765
1.4806642621037347,3.183051896748876,0,4.735776926102944,2.5527600520892775
2.990526533487535,4.63784155464784,0,14.148756438891299,9.447536800877247
0.9415938217427353,2.6172406863587074,0,3.3927013785700524,1.177563655281533
1.6959778875242426,2.992967320583082,0,4.835123408244851,2.3693323357011367
2.0474802793550304,2.4157967495815584,0,5.108525505874482,3.6782748676989105
2.024141257039788,3.1594981734061354,0,5.493339208052026,2.8981964304567365
4.6700882344018435,2.9927595470114157,0,12.780473046735292,23.594499156283625
-0.4349807728006457,1.5170801521446202,0,-0.23751350908953806,0.20265863732553993
3.0467698198993975,2.062975421093301,0,6.282631105357285,9.057953279654955
0.010373702606986925,3.9518249640479146,0,0.6302514018311113,-0.9286844677466806
1.238869849556252,3.2559907452263923,0,3.347047320210295,4.470456406467308
3.7031319260427433,2.5196546613770963,0,9.59056468891232,12.639858029454142
2.5030169242686466,2.7643786432277837,0,7.853695449357868,5.836245797569203
0.5265791967632212,3.722467376950671,0,2.1700266855106123,0.6931224867498598
0.5816735634798532,2.694045020862238,0,1.705345520255618,0.9385571001956285
3.1177714056726873,2.209989418784424,0,6.894519857137453,10.678430593245928
0.9181710942114348,3.070472391367914,0,2.0337782667653226,2.6506466660146866
2.4969379872472004,1.4138848604515548,0,4.208169285510368,6.740856967618813
1.4636550625710258,3.0869970301091403,0,4.212870011358432,1.086255342223126
1.4858587843628126,1.8708421219040767,0,3.0320488291786445,1.9508312019463536
4.209381328406156,3.645018966024904,0,14.561757623985917,18.026723540448263
2.979932062501571,3.5294414287793674,0,9.9277658440871,10.94822113863069
-0.4258891836381983,3.5582629262724352,0,-0.7978819932291161,-1.216423881684286
1.9375633519043196,3.606214183544826,0,6.8136172966750905,4.95672824786793
1.0837453483999002,4.720887586896902,0,5.842877700639619,1.3544183497248379
3.228815538842479,4.2957447262713275,0,13.831051993556235,11.26308031910013
1.0807434498153294,1.1628755652405298,0,0.3358212636050727,1.0660116876828076
2.0376401643814663,2.580943949964329,0,5.705068854330527,3.3095448093742026
3.198916910131194,1.8746016446408627,0,5.701748741923599,10.983942177324638
2.5696337494908303,3.3437096091759972,0,8.94145346699396,7.257448633627925
1.0448080840236558,3.4658184992501835,0,3.6337206195453673,2.0636808981809045
1.6299052982478257,2.505832233297537,0,3.3127101196004025,2.6432866458776982
1.160430412109914,3.3191589099868524,0,3.9338003244596207,0.7467767180297357
0.8169108331898489,2.0246702085136783,0,2.7520865980479736,-0.8914436856409084
4.061808971104206,2.457181114745854,0,10.227093524759772,17.317665385882016
2.7624730867304845,1.0359684677322916,0,2.833076134309142,8.055147037354237
0.44867451868468555,2.257741004060514,0,1.5506625592899785,-0.764473809147025
3.554780815539935,1.737762934180824,0,6.282700572983936,12.097892973234142
4.111234729399692,2.215724797615598,0,9.214131853880748,16.43549218827072
3.2353316283075597,4.371077294133985,0,13.596072033409158,8.984386313144828
-0.19896199246875174,2.16088706323097,0,-0.3130103827055841,-0.7780965221579982
1.5280086773479886,5.676808890776873,0,9.191934952961745,1.2009801612443953
3.786359596053137,3.2289973998825015,0,11.808114214625727,13.924039978735738
1.024568103153147,2.9711698946001586,0,3.7564138136796945,0.3110422996692751
1.751319156787334,2.497662605871986,0,4.328351356782419,1.44011386806355
2.989245308154153,4.131210501120785,0,11.905316851703203,10.958177742891097
1.0187049996263533,2.35292904286861,0,2.8957566181964256,2.2903006072929593
2.049857999214349,3.135810638821344,0,6.284569404140255,3.422898395423068
-1.5187861505362408,5.288700225770665,0,-7.652647213495322,2.5791327677143028
0.4494187265041376,3.2557671538555835,0,1.3173234119505084,0.6194422815538961
1.9009830499633424,4.34889837339321,0,8.237269022068691,4.804822411021409
0.8604124353855731,2.8791888058132376,0,2.7240699545117932,-0.07829546769394558
3.4253172895160073,2.701514586349117,0,9.398993149296317,12.824905317839715
0.379725894222934,4.657398265930045,0,0.7707688310567593,-0.4037135494635282
1.320692666661318,2.442466718969904,0,2.6651260142606863,0.40836671560436955
2.132431890812816,5.00639541931466,0,11.140502242561189,5.271402328270018
3.8338308919408393,3.6430516441911855,0,13.900775639985259,15.989017732122319
0.13079684935060715,2.1756448969696223,0,0.022701846443641982,2.60501678933073
3.193084078837468,3.8968299977325924,0,11.76361881606745,8.996060669435108
2.0225253984699116,4.188895058390404,0,7.932278486481771,4.7895286725366635
0.4960158370836182,3.346927732048079,0,0.6492298406892298,-0.16376953315577059
2.2287766304503696,1.8364081204411922,0,4.0423031434578505,5.750803978965735
2.442683619575115,2.6239224369341128,0,6.110193565444051,4.496213714109334
0.9351015368618497,2.792770313622833,0,2.1282298668782036,-0.38835489145717084
2.283656252260786,2.949445929612765,0,6.701458925281341,4.439211055323296
1.6764010716220734,3.78688942888545,0,6.530330812124239,2.8892845986037208
1.6184787956643185,2.919190079856376,0,5.7712462108661455,1.9783923454766674
2.5912874137245594,1.6736650850391235,0,3.581005559870518,7.373824804440735
4.261453000288634,2.734482787623209,0,12.232560401204815,19.186876291926918
0.22027174206587674,3.8735224389347036,0,1.3397783160629468,0.6480971815980919
4.420318770894704,3.091342481198482,0,13.275172827217506,21.15800567598493
-0.20388709145143322,4.531806674083321,0,-0.822358904506026,0.4573965755158681
2.0528750387420787,3.734886126358969,0,7.438437876677613,2.997399214350124
2.6305189819681427,3.3956799846490835,0,9.025244946518075,8.283006628033053
2.157937182874547,2.7415141167160013,0,6.670580756539206,4.05153664962654
1.6794715347248397,1.2526274043073862,0,2.406555185466175,3.731043135636578
2.2719231987105433,3.855177622676997,0,9.012971662726352,6.735369237394253
1.702056293643939,2.4613450902025873,0,3.974193241631601,3.3536836374633414
1.3183577344364532,3.65466845302183,0,4.076132089380069,0.24190830278376807
2.777042799932952,1.8246584685102027,0,4.962920557042742,6.793754546149659
2.179285261191087,1.556836965234573,0,3.996095929845123,6.072028716529841
1.3252627172669422,3.730559135418132,0,4.180387008434425,1.587198584134943
3.2050393167865057,3.463362754305806,0,10.572669111755763,10.351850557089476
2.7892390029358602,3.397848633389805,0,9.540545802440189,8.538678631662242
3.1705695703675936,2.6823132229516715,0,8.012133290461566,10.748834262621271
2.304630519780389,3.370950502205162,0,7.372533684493439,5.590121645088686
1.3207902722103886,4.0398496688617715,0,5.123994852960899,1.5358185719451265
1.0283645635693126,2.2025775988217067,0,1.5822440490447542,0.7448652298727455
2.7815609445622087,3.1611082695623693,0,8.30575438103913,8.59498011360515
2.8075043803956663,2.2299989062028738,0,6.612445655835767,8.435650377008647
2.5736183341782115,2.895750192094466,0,6.798870894458914,6.366211329400443
3.073768426772147,3.0092391659933004,0,8.450768269788934,10.53016465441446
3.7152147926869645,3.381735631280296,0,12.248861752522199,13.67378684067026
1.2351553477808879,2.6297496967106277,0,3.6141271524722227,0.6739465588173328
2.8168685519482106,4.784112563033734,0,13.37775532379163,7.175777740051465
2.0236654448414777,2.1052985959969637,0,4.028129480734525,3.1164809963356905
1.642582268460178,2.4585661182124006,0,4.0605765103704625,2.4256664920560973
3.8570956291583247,2.695111115575517,0,9.522447587552517,16.110910970808444
3.0595208465430566,5.072791999214867,0,15.76766569866223,8.555572629401032
3.1255344899281843,2.892126928555819,0,9.2311599801531,9.957441608748738
3.766351844201533,3.923405709460439,0,14.572272092329289,13.528716868692875
2.151680593143648,1.6393734383934637,0,4.030370268204598,4.369420333639563
3.0700257156948405,3.2508788111675373,0,9.416533499415292,7.915016683042365
1.4425039361237757,3.5949397215102423,0,5.74966919503302,1.8602793765760486
2.221509096802321,3.4188413461445655,0,7.67223398378167,4.741397287370502
1.51378206486727,4.761492591670529,0,7.0395857923301355,2.8318240839495106
2.2482455271773296,2.5415509876068,0,5.704093822295957,5.27788886372824
2.9478693815779304,4.13812695326478,0,12.14502535970614,7.491541765892604
1.1554670399653988,4.834209966103208,0,6.195911728313363,2.4193023244899434
5.013212460826813,2.714554233926695,0,13.070297547375985,25.34260221761123
0.7911003365516437,2.8856606815941057,0,1.9015875168096434,0.8242332596696106
0.7435961613324752,4.595934801066315,0,3.935670921843485,0.5437528977632535
3.062222785358287,4.578850993455056,0,13.723694375326572,8.859450939945246
2.833865322013203,2.30035847730994,0,6.969172655713531,8.248595003057721
2.9576051077323195,2.252164093088716,0,7.510730016674868,9.223016409212887
3.008745244340079,2.9686407890369573,0,8.730986342698108,7.305652253993486
1.8971137882844478,1.9296809753813986,0,4.001505548673886,3.0602798883528726
0.9018149786595822,1.617629117508582,0,0.8819560274151914,0.5583232853311932
1.6356033458282289,2.472810926702137,0,4.421904474348523,2.931368910578775
1.0802971859434831,2.4044238011640715,0,2.697204259206463,2.3603530158845345
3.4372586291572373,3.3851935061569565,0,11.87230473148515,11.043006069119109
1.9960926470294036,2.8315764079909855,0,5.3293028114750385,3.486424008707009
1.159603080263349,4.140753246189446,0,3.971088511108157,0.8321451931096969
1.629269096170696,1.9569551663310198,0,3.440032607469467,1.8529901976323349
2.4976366927192024,4.135157726545142,0,9.296420091760735,5.891002553705054
1.125434194793196,3.32491940265258,0,3.5833027445553136,2.0374043467977807
1.2229840513810426,3.1623599644921065,0,4.3381067345097515,0.44185449456804293
2.4187165371071115,3.602015109122994,0,8.80820237928198,6.27800408202832
2.441565539728307,1.5693672161379337,0,4.805884236496631,4.259340054770444
1.2338577367543702,3.7514099179997955,0,5.1412607273520115,0.9610669181064108
0.7887511572966394,2.877040580487842,0,1.942319893286392,0.2926390879188019
2.6076057383552724,3.9809918304398453,0,10.394513831326119,8.47446735961741
0.11864755340068989,3.2038532490258653,0,0.35644399817955214,-0.26072506282471847
0.05221074153519761,5.93247476169625,0,-0.48134947522605764,-2.1985175119192633
1.345910608071275,2.5659394027664675,0,2.983325603609284,-0.18741354194246052
1.6262596259700444,2.427904398165445,0,3.668022444961632,2.6787499574069096
2.691069993931592,2.2210405620273974,0,4.958865360348919,7.855628568028886
3.9555292452124715,2.342250517635921,0,9.288587156248756,16.021667467358398
3.2342623448025667,2.4911078804060534,0,7.932360492111712,10.628023020808788
1.3982870506837273,4.212163479972866,0,5.053366698753177,3.117466273615464
2.3407637461326933,4.242360825569243,0,10.132470851144713,4.939583694472029
0.8753399218047863,2.379564283155234,0,2.4408639858920447,1.6611305347320346
1.8670010950352711,2.1912175358115165,0,4.204522778253034,1.853678203836484
1.69662617349851,2.83279532806196,0,4.644160610149735,1.9735925396621299
1.8543917025362116,2.585227390155638,0,5.089745297349888,1.6317271915033331
1.1299187111814137,3.3390154503404688,0,4.112926214501876,1.001870993208075
2.3144043646347856,2.856923299889576,0,6.7657775395510935,5.310206345774204
3.433485609850033,0.9780525808695549,0,2.945823336874922,11.902924925273773
1.4127800659864036,4.009337451969694,0,5.802612412711094,2.057830867735682
2.815860579015707,4.389243422161835,0,12.957237849582249,7.001517469642946
2.6393937719454983,2.174505022226467,0,5.441060483422879,6.776158638971469
1.9786537467119463,3.198276181321986,0,7.377250818758539,2.417623980771474
2.108170539256811,3.128101487956344,0,6.331755933722266,5.807611997722605
1.5029034936602699,3.3877818218674345,0,5.10771264251339,1.9550928383582438
1.7822539862740001,3.778688688624729,0,6.39834018018673,2.6875431525458726
1.4431317453755217,5.049524094631105,0,7.398763937960867,3.6715695629546827
1.9826427557297308,2.7998197342881523,0,4.679931467217907,2.6886257632983517
2.433111760547359,1.8431146263817728,0,4.211482974077982,4.7944457252819
3.789377797109886,2.055959036469236,0,7.244744924389675,13.263163764360808
3.3016598121525114,2.8112289531494463,0,9.349390831319248,10.833086133483475
4.919038593784606,2.462075418889397,0,12.608267694079798,24.62857231678003
1.5137326935022184,4.487349286251875,0,7.115650415320583,3.031062135495315
2.938854170328088,2.398445598250727,0,5.862852168294749,11.208859151949763
1.8221961010614105,2.934426613165841,0,6.368135559825576,1.0709661765226426
4.503723971524224,3.1353667699640075,0,14.268466451717812,20.892265200806346
1.1081262095486841,3.9699116127261003,0,4.010913537406977,0.670813123716503
0.7032061115198855,6.1764492462156015,0,4.421880816926672,-0.09191631360985575
0.9935835509986606,2.8262958053827583,0,2.896255933736166,0.3674361445612303
-0.44553850470680256,2.5743327666714424,0,-1.4803887299563023,-0.7102651116315998
1.3544982685119513,4.352256756064992,0,5.994082573880512,3.519190394005326
1.0988799047590385,4.013661616933504,0,4.106795951540744,2.0498343720971364
1.9529239433614283,4.677523079318561,0,8.932665820881883,3.8371079071117262
2.340986956670861,3.339063011963374,0,7.4735633906308365,6.8312356837901005
3.974135063778572,2.6641508281038346,0,9.871359576292344,14.281220539855441
3.4075681291606963,3.8491456680416927,0,13.189144338023521,10.280815423540801
1.6182904136222422,4.150421700178933,0,7.009237368147465,0.4408961306269603
0.3680460357105424,3.347383236540065,0,1.4894329282506817,-0.5639566557210417
2.3114497477500837,3.266426697922045,0,7.960143793273668,5.504498463078678
-0.03323862495179425,4.04448283051084,0,0.027737057080113064,0.10396338412102012
4.002743338703155,4.146595909147924,0,16.33139640452715,16.17129614659236
3.390296753928436,4.973921644074469,0,17.282902336415656,10.083055248631608
1.0020956515647952,3.2329135048699436,0,2.560929795194304,1.8073504374990934
-0.3323193788466473,2.984558692233908,0,-1.4421623819907743,0.35006368779601943
3.323459637374046,3.5934476189318096,0,11.46057808482612,11.778438242720425
1.9247323845165418,4.887943890135196,0,9.948011928612631,1.8118325744166812
3.506182875479029,2.061745102057576,0,7.700249627507073,12.604809215100182
-0.12983445655441644,3.5161021446889613,0,-0.212858592623012,-1.1709082538087463
1.333796234097292,2.777589294832233,0,4.240703073922084,1.3816891415407562
1.84228841428564,3.0873893424008045,0,5.2482202246879694,3.928391500047481
1.9748801794198745,4.248798302235507,0,8.565165113368206,3.991245329321389
1.9619570613144686,3.321891684869917,0,6.454821633860769,2.9977355306623865
3.1495582343541026,2.286762722590243,0,7.625733414890564,9.925990227772152
0.3289811136626075,1.84476470603887,0,0.5492806311620415,-1.4233067420969536
2.0780643433382,3.784106937125811,0,7.671146253214836,5.46861881095192
2.3877737244017565,3.5787417121075955,0,8.815679685871567,5.496179339447184
2.2728476142447134,5.777313382021328,0,13.569037520666848,6.284386221833212
3.0995711468331253,2.489741559409834,0,7.382958503194632,9.080809607184372
1.1118090653183232,3.0982275309444294,0,3.414099619646634,0.7125434093174206
-0.1777004467560708,3.8468496743721756,0,-1.2128072225602073,-0.7326093378605393
3.2579613399739316,4.327834888308518,0,12.850888243153078,11.490486024457812
2.7040752544285604,2.7396698827320862,0,7.508503350905895,6.602591824284408
1.1832647493798303,3.2349138987410844,0,4.132212261786514,2.0447108995400893
4.026825253198885,3.8601168543554043,0,15.675049433960346,15.83286922213097
2.2409863260715794,3.2489498753623525,0,6.30607138590181,3.046056413748176
3.5323653971550346,2.165778781303793,0,7.474897309931883,11.90729123123178
1.683080539198806,3.034439423960151,0,3.9980320618194245,1.6536518870668948
4.787092821844819,3.891425419896109,0,19.313465248156216,22.95016040864053
4.457286008660177,1.9503183870220262,0,8.150099567846919,18.676990827323284
1.6324257986047035,3.260722771735825,0,5.950589779409345,3.590789088664821
3.152842056201068,2.4253409118272184,0,8.119651649275973,9.849337170997151
2.3151188887354603,3.6622431027103217,0,8.028233005957794,5.182179474220974
3.796634295844169,1.7959953914844822,0,6.252345222854187,15.070324114167729
1.0137090798181179,2.5168488065273986,0,2.7265375958993863,1.9915130325815578
2.804604446898334,3.7925714893426927,0,10.214500845598819,7.845707351792259
3.607415392180656,4.698783527421542,0,17.00170634242449,12.242245512192625
-0.2107105530017192,3.264646626247741,0,-0.9293092913753176,-1.7295706789658392
0.74947156256915,2.58476406674184,0,1.0466279567407808,-0.12434213393533666
-0.7529779149197553,5.285024796301415,0,-5.094740960980474,-0.05023650629105936
1.6696461534042593,1.7086612903890896,0,2.9662018752162003,2.894775730569936
2.8087444295843036,0.7718194694470468,0,1.8870647622887926,7.543898389582828
3.870420839127516,4.121744866187397,0,15.676342315201492,15.668090444003974
1.9780556578537227,2.7646569123313562,0,5.816577167008336,3.299720914296434
3.91489687598405,2.1508905091706105,0,9.007235673251989,15.26937638273673
0.5916924015745824,3.3254651223378526,0,1.8313800839076917,1.534087341277986
-0.17508819839765075,2.8573084285321375,0,-0.6705803384730453,0.37248109117310163
1.4513696311024538,2.5237360139058276,0,3.91294532405942,2.046436264397908
2.9857537099887947,1.7633519606595778,0,4.586466873705563,8.312780774776675
2.375202525894234,3.6882205587776498,0,8.871847314637566,5.008355642299374
-0.8686093285795374,3.692495987842279,0,-2.931393474871241,-0.09613108725655295
2.099968294158212,3.377412214633696,0,7.432573671242246,3.868859970686852
0.28374416822877324,5.055257738412755,0,0.46602355091676406,0.836176591748153
2.882653223195364,1.587612680748026,0,4.195859176439659,8.087801333906352
2.528185134020266,1.441022180932378,0,3.204039229214967,5.04194700249984
0.8018219163122772,2.066601985862987,0,1.7069902417640244,2.411087678538476
1.148229999520049,2.838104008721934,0,3.499168454456627,1.6383973229429745
0.5217814580383804,3.119254749633799,0,2.3759244949800573,-1.1346875105605112
1.6499275086278211,2.615470267362469,0,4.067853601935463,2.2804118564859848
2.8966241221323523,2.9755147849222787,0,8.370161652612724,8.50131768774744
0.796975257382541,1.7101641713540987,0,1.9377945400707062,2.3397616541773445
2.390127821888188,4.275582313019067,0,10.367476710385073,4.604598546705104
1.5683064776668572,2.039014214606751,0,3.8316249564165537,3.435625927247771
1.4947264478859652,4.733187438938627,0,7.219184449288121,3.633693580982138
1.6975475956435178,3.6693562426427055,0,5.6503485579010215,2.2530135344005178
0.8295305632573642,3.343863001676285,0,2.107272381847086,0.4106073365178465
1.485526366674262,3.5754129951543834,0,4.535614151522167,1.1704793387106636
0.7041472101691642,3.096212255822046,0,2.5112151394079048,0.29236215250871217
4.380456739874494,4.151439623210804,0,18.7795000892193,19.15181127556895
2.265120987873991,4.898339138564364,0,12.020011859179938,5.790423087789616
1.3050040762130948,3.243529288175427,0,4.654371608547111,2.79321910995324
1.8854771661828769,4.016062950844116,0,8.153614280537099,2.806928079575365
2.1259531596877865,2.96285033939295,0,6.008872874387631,2.5523517729604888
2.0010237317401556,4.039099583786693,0,7.504126213647029,3.9828511957110564
2.5080142087985355,2.200060687251633,0,5.9428231300549434,6.583672801503984
2.920390602691047,4.8405188229424025,0,14.345046058789823,8.77809895997122
1.5683973207106878,2.823477733732623,0,4.482057099842977,2.1331969081034203
1.2462239653525757,1.503628914651441,0,2.0675441287522034,1.6778262714830323
1.9918313777478307,3.1006845476580547,0,6.337633515752255,5.482837045733069
-0.053143649296893414,2.2946847931654806,0,0.5199605060318799,0.38455841642310046
-0.054025084428757086,3.856321096137969,0,0.43915471960522706,-0.3704497152555499
3.225935739987297,2.0291945007786283,0,6.818161239617631,9.906463581431392
4.065106834883003,2.3387117220468396,0,9.93001444239507,16.355241221334776
1.917625504070189,0.7250839893444783,0,1.6474708267723166,5.314027535691086
2.622608443513489,2.8410383456567834,0,7.220346287647765,6.694774338462049
2.809478384448554,-0.05557340918105402,0,0.22215004561228394,7.873374448162948
5.29307523022931,1.7621742795093545,0,8.630073495788515,27.534331821930763
3.551365480630975,4.176319475323151,0,15.358582596897445,13.71118013445924
1.6647406439954122,3.6951459825560455,0,5.554198232774394,4.731198666514935
1.3691648431416783,2.6445164354367754,0,3.7636805739077497,2.325225417126565
0.6700190216413486,1.9246306882805997,0,0.8669621915696034,0.5316983931466558
2.0141593867056633,2.9330333954713743,0,6.184291236547066,4.0936208682287685
0.9275119648862621,2.6932179949307575,0,2.4810293013813114,-1.5240283437785709
0.5511719145767315,1.687069792664985,0,0.13248750856606284,1.0489413437029973
1.1079733439721136,4.962456861426156,0,5.7086197385809365,1.361771346948591
0.6885190302830544,4.076840439266194,0,2.518021837445946,0.9024005057226427
4.032186488249801,2.5016665918569063,0,10.527759590198032,15.547065681940555
2.482065761480044,2.5476060881159013,0,6.323988689417794,5.7761935653344185
1.986281506591788,3.1102776126646217,0,6.3755973950962135,3.5342892869253704
3.5690146344487794,0.894228097770578,0,2.7127286899708807,13.759488444982594
1.9449051224572105,2.901682373688398,0,5.348830796616682,3.403896098757204
1.3995485594467278,2.1574207382319037,0,2.790095768262415,4.041396492359208
3.4507968244398115,2.151829862713643,0,7.853878897108272,12.338861142578924
2.8906536084459837,3.299445919132114,0,10.376243795914364,7.080195624026055
0.6716157357087098,5.042336833582802,0,2.9839268863064015,0.32252140319959466
1.6876655357509198,3.626416309067778,0,6.6586018954275845,2.1965398384050236
1.1863696647538045,2.373875868901215,0,1.7314556098926297,-0.7869094883719698
0.4426557112134637,3.4655808411021973,0,0.9369644514397022,1.7954150187836868
6.710474879410461,7.366061672752273,1,48.95038258709894,45.73361564941885
6.307552449363905,5.095264534987516,1,31.462393953097177,40.318425219375904
4.966200891957195,4.949908264250995,1,23.790444642135792,24.828554959576145
4.104698524171544,6.010972575930088,1,24.879729717324757,15.466532405643617
5.442500487007609,5.628224732874133,1,30.52458200079181,29.137194411522625
5.185210764970238,4.999063871509312,1,26.110902500126436,27.728191451947254
6.869440869623124,7.002196032779031,1,48.446407947745925,46.137997831465995
6.072092856071202,7.223595579585049,1,43.995151610532155,34.33854233650011
5.749185676988862,6.265001093010373,1,36.347536138329986,32.82602994071296
4.014503880260304,7.76070901344009,1,31.120630304905223,15.974483850597501
6.593693290713305,4.882050541270358,1,31.597247204744743,43.61235462841236
5.381539004375029,5.485210568572813,1,30.047781712395125,29.689480699124317
7.447452110483002,5.581743068421721,1,41.27520812870065,56.10214875016892
4.165406662035366,3.0492114448565433,1,12.233407516978716,17.609382465372533
6.871923905480904,6.022946127771559,1,41.300268538954825,48.41886955080663
5.316065719056719,5.984357443859718,1,31.356831998236284,26.741584948516717
4.309208097912106,7.728817545832506,1,33.09636796479189,19.07385624558866
3.8019354707159856,6.947373371279515,1,26.58549220935702,15.081251686825325
4.578678071813689,5.052412729300081,1,23.3075422430217,19.724730599227282
5.211160610764014,7.745274684428226,1,39.91295532182724,25.65332430249598
5.627682462511603,7.738167246430203,1,43.30409541824259,30.924867772385063
5.264507696448586,6.0087457684101775,1,32.170254846183376,27.053499843451103
5.0834544481552095,5.415871230438256,1,27.779534755874153,26.594928589971417
7.2624384886213305,5.24147890172976,1,39.10345063289314,52.12847401731738
7.176837937703959,5.341596581090015,1,38.92583707794734,50.65065426578561
5.624762402804199,7.06320921629275,1,40.301020177223535,31.02631835130511
5.167832173120573,8.390580879019588,1,42.66717954253982,27.825121703694315
5.3140896373547895,8.626588488202911,1,46.22439466669992,28.25259204821851
6.291832839452321,4.814991077516035,1,30.26856558233685,39.40790945425375
3.535661647683979,4.229104363232482,1,14.677191199364938,12.390897788202338
4.858975431877757,6.632381625938454,1,32.31058704553866,24.901702581918155
2.8866431797401897,4.258339527829612,1,12.764912522333152,7.583537120537311
5.605799228768482,6.389088661153131,1,36.06636408472778,32.740493284201406
5.436309580227187,5.436400827053738,1,29.11472099739621,29.763958150991396
4.343284847389164,6.022905598114033,1,26.530424078340356,18.703703883584964
6.642858465347664,4.405218730077925,1,28.94445076176825,46.6284690885754
3.9444027865008375,6.871364234869301,1,27.211769794562805,14.502673852356976
3.6647239649519223,5.063768203758289,1,18.405637655535983,13.076515979725933
4.8731817874820536,4.464399311325215,1,21.646396290129644,22.515469494682783
6.168288366173325,2.2179510984204067,1,14.064083444648196,39.000243338805355
6.6394465041789035,6.063486014818846,1,39.7380941643187,45.77143881550514
4.117675837641566,8.73922750711007,1,36.95790348281814,18.625177085301814
6.121443801647114,8.423462091253452,1,50.653206772265634,38.69602296986988
4.865095847012476,5.08256204334242,1,24.428317647621025,23.471537132822082
5.538124915968755,5.630073256535547,1,31.365154925719732,30.305586607384082
6.101913878843549,6.703346174901478,1,41.1953981425418,35.56218321232946
5.304269916028491,4.908218667812895,1,25.984278760683523,30.17115287726669
3.096536426066043,6.832291727548887,1,21.127744856364046,10.057515916102329
6.9306093733273055,6.662430287046033,1,46.37997683920477,47.541389380782825
7.144633321423174,7.584265517437661,1,54.07126139567704,52.3738421865773
3.8360860346681305,5.710363335168297,1,22.602035671887485,13.742791548615859
4.8714065712394365,5.2648662971603075,1,26.066978833799563,24.137224016537438
6.104722757522548,4.962635630497946,1,30.731926846295885,37.09501081192286
5.403625395617569,5.678522505223508,1,30.20153005712644,29.83784455604343
4.134176511207127,5.153554117176289,1,21.266008168262147,17.02784188663061
4.421603021104874,6.467890975546191,1,28.448213303291634,18.099645385132522
4.181166200204347,7.379822894625656,1,30.353465362658262,17.557727166401293
6.29101457316445,4.992790824612406,1,31.589801930371284,40.62572850164285
5.696306521906801,7.906556723892656,1,44.7693477532459,32.41869158566397
4.869605276566632,5.257774409610914,1,25.93098792296343,24.488170671154666
5.544699796025418,6.042058540229082,1,32.96630497413465,29.698166342370257
1.8923092657279244,4.801595624003051,1,9.945624196000537,3.554573563889904
5.986014882591437,2.19151115015161,1,12.670252030876584,35.207863719517604
3.1629299700463855,7.507636681423484,1,23.855780232494144,10.75110683552234
4.332711067747648,7.245412812172776,1,31.788209936895633,18.80387675884496
3.645932864163176,5.649772468801647,1,20.313370903948186,13.982900126321713
3.277105758269935,6.155810338854044,1,20.599475829992663,11.827132577043832
6.472250338663469,6.993016386829997,1,44.64596087903943,42.58164302145077
4.743064013553919,4.035992283080919,1,19.869028606453707,22.769774670963855
5.310768098916563,5.583436785878211,1,29.659412597242113,27.206045541958442
4.959858761720906,6.94329942324622,1,34.13957877565503,24.597412825552734
5.09016748555537,4.763018871452159,1,24.094972906338697,25.376714628989248
4.994601085764245,6.477861029596424,1,32.75879136654854,24.60197604921315
3.5736471682800497,4.294659237071335,1,15.055369175362516,12.396419932605768
6.882131428700847,6.225340650549974,1,42.46893370080756,46.38380742712971
4.123277650790307,6.039752829303784,1,24.792809558573946,15.04407999637284
3.727013083100005,3.6507421640745026,1,13.017882752145512,13.222483473270838
4.828130954977238,7.322676342835774,1,36.26511227809583,23.50422797033358
6.735026691044783,4.8004182616677,1,32.0477478249034,44.012407483658144
6.462830061583382,4.626801352311537,1,30.31803926178385,41.78385464137749
4.728114293933413,6.898171377305314,1,32.72007773286348,24.255333200808426
4.732564283950107,7.892630272853851,1,36.86011311049054,23.42022125697243
4.630265247755616,5.255541885971362,1,24.33157559813084,23.0828977736939
7.6514934466425135,5.713315298935695,1,44.10739595806426,58.936479840946056
5.749069767597974,6.578837575403012,1,37.72806554314386,34.21931301569547
5.285342625661313,6.512985001880859,1,35.01991372365924,27.210881940164633
5.737537641055396,6.020665558701273,1,35.0545529636453,32.27499791550554
5.201773883710468,5.247425714166709,1,27.755379463992302,24.319311331114807
4.475042070277933,5.296007915089133,1,23.47002983841229,21.212147004799707
4.764957793621917,5.99311814452976,1,28.01703378698326,24.245146754818137
5.292470055049772,4.926733084526916,1,25.7677935164003,27.457062038251262
4.821865043313138,2.3834806383335656,1,11.590942441727663,22.996430789527974
5.7875454836072056,7.258619371036405,1,42.28248311483169,32.741820611131196
5.074547294830548,6.7312820264701365,1,33.0724232957853,26.13368379894953
6.060433349598723,3.3059578057316497,1,20.031480337416433,37.85378493023163
4.2371449616851775,5.031282344997299,1,21.397317251582482,16.210625452453044
4.90448862091811,6.512886887898647,1,31.803607502867905,24.46344716335748
2.865364354698523,8.976884111567157,1,26.367680669051992,7.933641113457737
6.367984129100788,6.127875308885899,1,39.23310274921943,40.6646162604462
5.23356658923593,4.985353298416103,1,26.746274412168106,27.849213245640897
5.534845309033055,5.515053980472108,1,30.41699039270501,30.446310156152393
2.0000325177767824,7.571606509457884,1,15.612197976979589,3.8965432187587545
7.1066034586111115,5.775190195873882,1,41.859519817398066,50.28993755038877
4.489551411302201,4.961255237041915,1,22.929657175928295,21.126388076513866
6.031697481497301,5.607072421622795,1,33.27409380736082,36.80013446842838
3.800745872865161,4.5234029947634085,1,17.065467224881743,14.666252727838915
5.492627896207363,5.925515526926742,1,32.3740695298828,28.898009485103042
3.1795730633792574,8.436677438785413,1,27.069659596319767,9.731105122153801
4.582974002300754,6.015130191585379,1,27.910362065997415,21.90231986610377
7.487897001637082,5.547376316864245,1,41.118736152987466,56.10629808024952
4.98570595656217,5.6308535737314624,1,28.107699460040806,25.516795354888643
4.89787045937025,4.001263729246362,1,18.587707753547328,25.755646837099373
5.896627043573374,7.09431472478646,1,42.55350056469758,35.808816560209685
5.543293682201028,6.017557578212134,1,33.100901785245895,30.821263184829576
5.345099112526507,5.97323283907753,1,31.955453516989742,28.05909535253592
5.601959249328272,10.371431101836118,1,57.94550953270772,28.828397835078675
7.423505004128554,6.092637638275044,1,45.80173978358348,54.94004162384883
4.961217990187124,4.9374251054976215,1,23.07688903789767,24.287671450339516
5.358393072771037,5.804163983495875,1,31.092686911228487,29.10274251671601
6.592466532252403,7.761373578227943,1,51.11368618002694,43.30670975189334
6.4274304882012,5.735393698254774,1,36.63702612420393,40.99147762122152
6.542450342329074,4.235682598293084,1,28.574856338017707,41.0242575513346
5.7277512326109115,6.601530040135321,1,37.36825709507516,31.86716635352575
4.165832339557519,5.145493159417418,1,21.821159895090904,17.83081012210383
6.919703524319055,9.004617214106602,1,62.48740786595053,49.59820449560625
3.4806936946273717,7.1196946702483475,1,25.412235972673283,12.017703212073119
5.7539100028004935,5.168184621996149,1,29.403674650434578,33.4352913939017
4.379667546740414,7.894530204727505,1,34.20893328484513,20.133965976924003
4.796534612409164,5.625371709122731,1,27.530325064213173,22.195850351838878
5.217790761114056,6.918779268693374,1,36.31340320054081,27.59215447005264
5.4424656005375285,6.8090850037573425,1,36.285742230746905,28.87994170670216
5.603068268239088,4.709450594205044,1,26.117720677998363,32.259198457038785
6.834270075653874,5.092594221824008,1,34.997355624583676,46.85865051492974
5.592280333698244,7.56220477595002,1,42.70885115871753,31.57205114464958
5.2414149135532,5.691255893322465,1,29.49061818951143,26.68983169859931
6.381958830787659,5.555302516674025,1,33.99658395907623,41.436430877479374
6.3656082151966125,4.656603963064829,1,29.903728035071097,42.60568087060962
3.9320245775795533,6.661697119852186,1,25.583796458677732,14.452905583261458
5.347382905776582,8.644162590986161,1,45.2149778747316,28.25474493334408
5.890668131526031,4.749548894447181,1,26.56185334915263,34.93157850994447
5.215472051223942,5.882405686139192,1,31.08651288011862,27.987554929093886
6.447863726025069,7.781116029726196,1,50.23588452126622,41.01540034410042
4.5806486756784945,5.599478853614966,1,25.536417204945003,18.149311999852404
4.942507432240779,6.577581052122784,1,33.20425541776436,25.787569211919365
4.482731082085027,4.375588154320403,1,19.933247363286664,20.85538407387534
4.781708379901303,6.222585291321345,1,30.562738253522827,21.121787499931685
3.682944974838269,5.8343107998507024,1,20.79107790587129,12.956514895906903
2.9942739233926834,7.34527092714112,1,21.976477885416074,10.53385875783674
6.758641069732351,7.778463987518748,1,51.763489478004274,47.127025527930726
4.339025668985834,9.237095063751667,1,39.9653014225531,19.765783778796912
3.637141561553986,6.875938979228675,1,24.884455509178363,13.052686304823505
3.0870560521284443,6.5887744832389155,1,20.65322296322369,9.612902487795365
4.450379704099825,6.386131734400015,1,28.44349299905259,19.674953705537526
3.8537754029389686,5.293187714505462,1,20.710460186439846,15.979824639566246
6.608866309994365,6.484838041181555,1,43.20914772270408,42.80127149688343
6.367156366396882,5.72522025563566,1,37.53083693838655,39.73488053926415
3.9154544501859094,6.221152809222881,1,24.20099212451524,16.341058138316658
7.744753636129692,7.086933498779023,1,54.416042633344965,59.93684742883253
6.131493837628812,4.739641552328511,1,29.184124778329927,38.97368403633391
4.80866084413595,8.145601441286932,1,38.76829468908406,22.451706906945724
1.8979753319516144,7.60423780691473,1,15.173636160036269,3.5475320003580157
7.251515877166835,5.628087785555001,1,40.67055891556821,51.662069531958736
3.6506387520360595,3.3535931992022467,1,11.959969107635311,13.334525979290964
2.9055569770801584,5.30354487991721,1,15.174093968525641,6.96371441006039
6.263789362840341,8.043913460154366,1,50.74458827905897,38.74742376107684
7.273586305035127,5.5929110722387865,1,40.60164788869962,51.46880387186643
6.77715236416157,4.920321173789114,1,33.024932865313936,46.62371740025202
5.250543037627043,5.520919220778756,1,29.820499934772986,28.284791529733468
5.819919757135672,7.050162073373755,1,40.60329262150564,32.14120324901379
6.126446394752139,6.8123598340383005,1,41.75334038201473,38.86723117327205
5.625789903236569,5.998225515558905,1,34.070909618572365,34.14692716177838
5.483918536491732,5.7848228786494404,1,30.90782985933859,30.11936890161396
5.19275389334713,5.1478086126209135,1,26.971433466096098,26.323578736647136
4.769495002452704,5.0469142161785925,1,23.543678294131077,25.572413169424365
3.8680725470237936,8.080581814800519,1,31.667668072226594,13.643016730736628
4.102469707944775,5.602845619429912,1,22.504178926042805,16.850364171473586
3.242642518574984,7.604265174373653,1,25.00429809286745,10.694352775902239
4.422385579117159,7.93263797085971,1,35.634100299834536,20.902641830835826
3.941153041966383,7.655316416724467,1,30.601491845805228,15.892426275327663
3.707017286237977,5.413778205511774,1,20.19462771580961,13.243343264678723
5.4016263989002855,6.188985278922642,1,33.31493579356894,28.22638338290851
6.4405888651321,5.85048675490089,1,37.39237006105009,41.13936310941745
5.911313930698417,4.878795996093976,1,29.575612082154535,33.93670502632403
3.492010547300993,6.790431501527199,1,23.36251081397408,12.241962982246065
4.011926458497864,4.648176676976907,1,18.12960995735133,15.531357728534724
6.129695093941871,7.288822621375919,1,45.01094473037691,36.079124151405296
4.060044144050417,6.141554488515757,1,24.53691393487171,17.73910424001299
4.292231898041141,6.3409401459280845,1,26.74175380918911,17.925582143132818
5.832093912923102,6.75089145440969,1,38.65003082698245,32.745182604179384
4.1185617378540815,5.61790920411153,1,22.896250975061765,16.79429165402809
4.810908118187607,6.922709715329492,1,33.26316285738662,23.21320848761108
3.4593478134877147,5.63446579774624,1,19.613122801435118,10.220620569103199
4.326703405365375,7.498144900220694,1,32.91790219585764,19.052010025126094
5.311411092236271,4.567436907292694,1,24.522984014316638,27.163930222040232
3.347864883085724,6.4259525534322295,1,21.41778478423421,12.919228084589376
5.913932246305794,8.426081679417537,1,49.73217831572399,35.49855512597223
5.302928439482499,4.528045465425934,1,24.266979808334543,27.721150044162975
5.214073191829441,5.218713791414952,1,27.847040757111568,26.441391479437105
5.432926544562942,6.94801862625891,1,37.81123192646138,29.41172313105301
6.899234468831851,6.166640106288495,1,42.31053055108129,48.21222699750081
5.253789509119459,6.775370718769943,1,35.09993860212592,27.576810077548483
4.854948032318012,7.0717282928378165,1,33.61027072819446,23.353361589371676
5.738208387045741,6.550241633408275,1,37.91978631402132,32.985405783979985
5.904740695772122,7.1915335834042065,1,42.75313027675851,34.262103753070484
5.128538656050793,6.490651736335465,1,33.57624009531296,25.958702819764238
5.358177402549696,5.778648849452654,1,30.898695959230984,26.624272638289206
4.271275493341636,6.716975707433435,1,29.393521101477408,19.217520570873205
4.2779799036794435,8.875507319023923,1,37.72718269845175,18.599909836606944
3.3517099303062174,5.9547961881581895,1,20.436384135403017,10.46050361287988
7.393558425155265,4.744946018400388,1,35.06266416375635,56.563441167539644
3.3862218412869862,7.008432012912507,1,23.42793017295958,11.553514838801414
4.697514599827937,5.44875974193207,1,25.89189359233948,21.03049984362142
4.359711244995994,3.259832365266295,1,14.416745878995352,19.86381956121498
5.5646249621983035,6.461869492449098,1,36.13636665978339,31.363099186429732
4.785850141776195,5.607864581153122,1,26.879038711801474,23.298941565023448
5.742508327645621,5.834860579692895,1,33.487788928679194,32.550646288427714
4.446812718381055,7.404502320618139,1,34.12062108904199,20.22463907613354
5.57246302334288,6.94002445889762,1,39.26515800090025,30.79058585630257
3.9034114547186514,6.867852641506496,1,27.16946811766896,15.79256243647462
7.396728349337402,5.401966617499809,1,40.012779200936805,52.80664581988097
4.279888969192622,6.965711991829516,1,30.316052516702246,17.883576125637493
5.1890787699711485,6.173541102116319,1,32.2939884567318,28.648693578773482
5.379482292908328,6.469044907922949,1,34.813214910587305,28.171762284313942
5.899678027935428,6.264065089610564,1,36.80418501209986,34.20236253581088
5.384959732393759,4.597319245675712,1,24.715920346091217,28.54982998105229
4.858305931847585,7.5865980259797015,1,35.27280132422134,22.38833039153679
5.351631529799528,5.452309598504017,1,29.28405237723152,26.431679254516183
5.240740572867927,7.371406574260644,1,38.38739147277795,27.234775353580435
5.837521758712886,6.11756424891215,1,36.50774941249018,34.212519707528045
7.285983551140126,7.694795620942996,1,56.07382635898162,53.03305123894584
4.7560213904378035,5.9668984815072355,1,27.78421510285178,22.47486090435405
3.998721006075567,5.297429283156773,1,21.15800167569476,16.03281055528038
5.071754004865927,5.369208153029357,1,26.708242410554174,26.74553015742433
7.573735965369134,5.649385406103257,1,43.02365714029199,57.17103028719671
4.7120763087431285,7.277877178990268,1,34.439386315232056,21.629580562330997
6.643737216644885,3.8621790693960527,1,26.138222636247594,43.85811871894423
6.74492956113265,4.492858339254993,1,29.908572130575063,46.07342154439785
4.493754284468093,4.5640475323032765,1,20.52671220091795,21.60585444771859
6.092129513318235,7.124225040845413,1,42.71919073314183,36.4858982678739
7.047429078407059,7.819383250774453,1,55.45729628767935,49.76519040220625
4.707419135022337,5.649811812804158,1,26.855467827089594,22.498152354710406
4.915048162922834,5.936915731357131,1,29.42812926934833,23.1651204371223
4.373205395249532,6.187571374460086,1,27.06033003395888,19.145342596252537
4.051209450593398,7.560859735180694,1,30.83801285916952,14.946624155235169
3.526926677119101,4.495896380996239,1,16.658866437853153,10.670161482034985
3.5646834688405784,6.25542872891452,1,22.156076251951017,13.073714640917556
5.1098883955601835,6.614637404784302,1,33.869381507400675,25.727084673749843
3.8077252207496417,6.704965420087416,1,24.987602784730367,14.701051764354126
5.373061498313291,6.675113413922436,1,35.431664400422065,28.851894887648317
3.2271734228801736,6.859120280724651,1,22.184477320839644,9.438248252680339
5.890610964930549,2.3100197171056647,1,14.159394248139348,34.65404323819568
6.388787775334274,6.979969949003219,1,44.46540627026657,39.583507933245805
2.66714912243595,5.525554402262594,1,14.619519310310716,8.504656799312258
5.366210913362321,3.485709849196561,1,18.50161161132093,27.440249221828907
6.328251622038104,6.456888280602706,1,40.59343539962074,39.85098332085932
3.533897036591787,7.19507916598702,1,25.574154670579247,11.446156677184966
6.898337120729912,5.852348369776433,1,39.622843180082626,48.15747620460105
5.233436289636373,7.851359723406944,1,41.73006068780066,27.05742402640142
3.885302358184492,8.179169273974642,1,31.445834519099083,14.576907694892766
5.1254673817466045,7.702705095904148,1,39.84091546298913,27.12361742639995
5.803018479040438,8.228578581412906,1,47.11559426547851,33.704454059762355
4.8423112026556545,6.961438137208879,1,34.043869943673975,23.964622229300417
5.861238220919786,5.8541594188940325,1,34.648595241286515,33.37278754585347
3.7977857288630976,4.164428419236993,1,16.00770785545311,13.018359498428703
5.26224647785108,5.7478472223645936,1,29.7493745402143,27.79844595569623
3.6910172571882582,4.909063401669048,1,18.24421182699079,13.304762037366801
4.8675675631053155,8.529615724563683,1,40.926952734272035,24.31964865384896
4.142123868031072,6.16240082341839,1,25.399045907507553,17.077281685450135
4.035988169984985,6.359577072419764,1,26.181884380871573,16.494275847493377
6.300762517703052,6.551054737642418,1,41.67499110589372,38.07622577455045
6.138683303389594,6.357230636388771,1,39.03261703466677,39.57186963892843
5.446078429035823,8.054295101044417,1,43.37691952292548,29.495528270177264
3.7454237099254284,4.955954781991902,1,18.88494440187787,14.725785737210758
4.187365215676594,6.025078756564329,1,25.23889582579847,16.69793577923866
6.187061345834471,4.50346767266611,1,26.703072960652406,38.5877379993364
5.0704259569929935,4.425433449538544,1,22.830147546643534,24.406374621823566
7.474408568231249,4.655356718321624,1,34.78392172666121,56.31885128310839
5.360200389572575,5.583319014457336,1,30.528934380393714,28.375774131988152
5.192724768180995,4.819230705404002,1,24.47730338810833,26.99358102201594
4.803804344803068,5.074031818326719,1,22.786304187948907,23.774510213278933
5.4092501175002665,4.126691159145055,1,22.461846566665287,28.027446522456366
4.6373536119269225,5.793953891626788,1,27.01439484501452,20.820556791438875
5.417959287740707,3.731090205358524,1,19.36955901771737,29.81160712470255
5.739759224801111,6.636402626765491,1,37.60210342353825,35.0430574332362
3.9892507170827773,6.2464826378788265,1,26.296394214263177,15.776038949083972
3.430067355741491,3.940017471183044,1,13.361720001879199,12.356498182847357
2.7491752697271368,5.69293569629602,1,16.016357516591967,7.450993193820795
5.169955460328829,4.756622066894975,1,24.266194313780083,28.670685056540176
3.6494604849664825,6.469245686376259,1,22.564105050543446,11.571340164366537
2.6862483337864598,8.133568991024907,1,21.763657026479923,7.31055115543989
5.60594530473473,3.738125529578367,1,20.82292498090582,29.801078726115303
7.575072553243573,6.025809757426698,1,45.4460069852161,54.875152616367394
4.869422650663087,5.868987056870146,1,28.52125809341878,24.00873900390854
5.6443303592426135,6.8005425470265415,1,38.516642893325816,31.99796300041531
5.080580543289889,6.279519672117414,1,31.828546991738932,25.52746171911358
4.636692791232498,4.9247565530949835,1,22.202580124336833,21.39272595022766
6.182922475258906,5.535929321867779,1,34.471314221402054,41.32682976913297
4.1449380538122504,5.0287943920777165,1,19.869355362859356,16.922336331909452
5.186242643743355,7.100801670303593,1,35.80130169865043,27.407237121032136
5.444199788573138,5.722941495176531,1,31.526427125407295,28.98994651828592
4.320250855889397,8.054985125329546,1,35.05306651794902,18.959800032853675
6.899156683684324,5.44105961068988,1,37.5100250968789,47.36012927097046
4.912484275005422,4.713886395350254,1,22.45916853894258,23.721983269445815
3.8674639455052677,4.080010041644563,1,15.425336263022755,16.776175901983496
5.561521553800722,3.3880821662197063,1,18.711518619635484,32.10770695657433
3.4788113199899238,4.094707613362192,1,13.44676821312626,12.238874847489265
5.006819348317013,6.357678770940697,1,31.46223475171859,22.76402805073763
4.7400522865911485,6.0707912661674985,1,29.102033191703168,22.107086456365405
6.469102205082785,4.140944762624733,1,27.50184757716628,44.552310904212035
5.357305973789288,7.4067894019764635,1,39.47071973347842,28.47006563015868
4.937440570641767,5.073861830361072,1,25.430135428213504,25.48153696067296
5.708875576698995,6.316888378449712,1,35.10529974917154,34.03320275218289
7.050883709475044,7.838937345509291,1,55.60116124960381,49.93392500039653
5.517218507151675,7.195192223649692,1,39.295473491470155,29.597878423788803
5.561154994871479,5.271560635635928,1,29.469638567988593,28.491132545201108
3.8012256730503045,4.303518171199753,1,16.234767547683145,15.133479826065694
3.972994988817706,3.087794821388013,1,12.928000356763755,14.969933178347054
4.774872769405121,5.027982001102403,1,23.570756517952976,22.975560415894225
4.447675767089663,5.606226781439616,1,25.24848214939897,18.53199938956726
4.216029792912327,4.361457447236694,1,18.248280806420976,17.509669674254155
4.978649899141591,5.709396224140662,1,28.345932196472457,24.820673873123628
5.836209421147701,6.1806958736206195,1,35.97990854029378,34.32993398853748
4.907782189092767,5.694219314612737,1,27.52315158079736,22.97150382822378
5.11359485416775,5.209746954109266,1,26.633485733095917,27.345763281332243
5.055200521117891,6.018216513420477,1,30.39196714378258,24.958157523978628
3.3382184318873884,6.926038218855079,1,23.241248566341888,9.46923283853945
4.3407985814597865,4.229629198357865,1,18.40222099717915,18.73350890483983
4.822902485896414,7.980480182796167,1,38.88807498706082,23.294763697492268
3.9547705659922077,6.226402755918448,1,25.085748659142727,15.800799662810086
5.549969496885409,6.168776937652971,1,33.71121217615027,32.16429382004356
6.172664439530052,6.859921482114076,1,42.77837964090922,37.86533744630299
6.063298240428182,6.144691856643659,1,36.66393110880595,36.643965928010715
5.23407947252923,7.549903919401095,1,39.81072506817412,26.292403543518773
6.557600825986156,5.94636893718387,1,39.3037832464468,43.82268209586221
5.090519009109817,4.912794134853538,1,24.053013485483905,26.0976928461865
4.539253972887692,6.350687253120416,1,28.873871967558774,20.18479890308253
4.896498046976868,4.884452057736739,1,23.68246190457993,22.071018430582818
5.155071019471677,6.255057908321749,1,31.865885119338888,28.019169410851845
5.238639569639089,5.666387284609127,1,30.359586811402664,26.215664576132358
5.139744281493021,5.6363557739302275,1,28.642587787199346,25.825693269770507
5.26531872577898,5.648604291900502,1,29.3385134881002,28.08192579511478
4.548357857342518,3.340659543183009,1,15.232362551945252,19.491001269832733
5.923712314556467,5.580324487503783,1,33.39903175899638,33.596857807374796
5.959377036884595,5.709175432704398,1,33.9523046801992,33.390227085046746
6.109542218114244,6.690447566316932,1,41.45875713732762,38.04750306782596
3.0374214764152527,4.912491223851641,1,15.186794177010471,8.680742980662291
2.0140267035862407,7.972678694305221,1,14.968082129578082,6.983573655231789
5.776573173048291,4.735090843713572,1,27.08786525798892,32.37444255795033
3.3140708535402914,7.2153121449610245,1,23.631134629134763,10.061614598856355
4.591021246973354,6.1254071260757765,1,28.361554738890593,20.51208311987537
3.5483950328571816,5.002505775083016,1,16.43845811595688,12.834241964344008
3.2678216921960703,8.45600061468531,1,28.90720709225082,10.208455273201878
5.26415016310651,4.837091037250994,1,25.728686620152967,28.32360915373681
5.901233104437072,6.862753380652267,1,40.57314583945143,33.845963762915346
4.731226304892276,7.191105232360292,1,34.61353009480108,21.00291062964104
1.9958945692865802,5.082803962130605,1,11.316567851171099,2.1853803922985557
4.183755439697989,7.391468129425882,1,31.359468316134052,15.280235411265313
5.361827018388726,5.852344303548882,1,31.853664355917555,28.23111995564828
3.7271148368566713,6.1581046185410315,1,23.017308102912065,13.59040469472391
5.259928201043079,6.279801285049479,1,32.960540999494846,27.035407652645095
4.823794877527425,5.689813824514724,1,27.208597058776405,24.51240281764699
5.7823836449176085,6.817249203391815,1,39.00689430116316,34.663990826618786
4.800850760304642,7.02942184107371,1,33.40369814037103,22.713365035273156
4.134032018163174,3.6622255612199583,1,14.464479745647413,15.296299614006319
6.4388108441414715,7.584084951057999,1,48.79455270041987,40.891579978578754
4.733274928328668,3.6202219290495203,1,16.293171903142547,21.804070153227695
4.7183892670049055,7.438167466879041,1,35.19162780397899,21.60606231270903
3.707400968334447,7.960801858423544,1,29.49571921461694,13.04710303610895
4.672834724593112,4.623709810571981,1,21.679299408475934,21.181921467638375
4.395411165317127,5.764776890132378,1,25.077498923440004,18.93309769629671
4.618567009975596,4.145517353422245,1,20.684779872887578,20.69562012681936
7.0203953392220235,5.767931092412775,1,41.1732145082186,49.494273227595905
2.8648006371948873,5.270344934867216,1,14.476216277602086,8.567451406777094
3.0496971431384248,6.570481213690572,1,20.154411830150277,8.39000757768418
6.608969680381699,7.48158994771778,1,49.141598054046646,44.949545562211604
4.496838930038397,8.171958754351015,1,36.24074239788003,19.24149806086826
3.983068075037213,5.554186314049101,1,21.45266615473562,14.247030676565313
5.943561289195019,5.800912980748434,1,34.69419017974491,35.706698869782606
4.4214807247873615,3.351720182145786,1,14.47887606270359,18.73208366525183
6.952411979379717,4.893484718138574,1,34.505434787310804,48.65732380177999
5.074249088475705,7.344817125697216,1,37.76632271235507,23.344335210795993
3.827087405249207,8.15291853948628,1,31.888889051096424,16.039053948900175
7.190979481234901,3.8422083915118774,1,27.203048322953414,52.382479307581775
4.471019560512393,4.962701108695276,1,22.426016535299123,18.48953936132143
4.992053456392667,5.94644918670878,1,30.00121932409408,23.44182058763569
5.179302785601652,6.525096779320645,1,33.55836283790381,28.49744324903856
6.274041061383452,4.288677077771877,1,26.52145010625831,38.62621133642763
7.134163649862073,6.502642165159359,1,47.19567369562829,50.062106134280704
4.919698020458485,5.426923479771494,1,26.81257263847752,21.93737651835385
4.286137038041477,6.236095644413101,1,27.04674438964399,18.02019250326941
5.548346499259267,6.918026797676041,1,37.972571758753695,30.556429261006812
3.615343149330523,6.18312034639686,1,21.74445955257096,13.786199184180628
7.445188137268806,5.19271619030488,1,38.3760240930155,54.03174797114368
5.214807815827897,5.285106613759427,1,27.498804583221375,25.67393376377911
4.750626885459057,5.767212325914644,1,26.865763926232294,23.019418439622896
6.3810196483822965,5.819475208715802,1,37.129263245764,41.724141824267996
2.8929271996677572,6.081601476790096,1,16.749377735711423,6.79787543145965
4.448633552566616,8.291406052345467,1,36.32540345118302,20.871854571321208
6.234221042918762,6.85799752916413,1,43.08972813273834,38.90305385345791
4.363614964452367,5.729767481077881,1,25.304394383402936,20.13294089706728
3.8347442454594938,6.739205101835722,1,25.64718960054236,14.635043066567086
5.463047127760602,5.527016575251101,1,29.685469871972288,27.322606002645408
6.13332469165767,8.025782886610534,1,48.71103057256895,37.465704390981614
5.8897012624034755,6.197767448119959,1,36.31636464030463,35.748724779028365
5.640500345384894,6.3449408500074576,1,36.11090030173643,30.921498127203396
4.392699152830123,6.485423557205743,1,28.952637411154353,18.907840878367033
3.311149945118396,4.355490635039474,1,14.173416709433656,10.787580455506577
6.3124462154389285,4.113157787567991,1,25.38734109664433,36.94746334294077
4.510048319874906,4.623668752030622,1,20.98689130568698,22.011883423043944
5.1012284469582205,5.964794982408533,1,30.01601435922314,25.121155988158606
6.300413029929097,7.827689341753364,1,49.05854960358941,40.200939780173144
5.719389095803612,8.966250402773706,1,51.9441128290872,32.62471049304905
5.2821896665751265,7.132307968451775,1,38.08776116407028,29.159146730032404
7.608879134368279,6.397615385849745,1,48.757669375231316,58.301097803853054
4.497782268218904,3.2089201574639192,1,13.79706468381507,19.995121060783415
6.575206790878284,5.266970631045285,1,34.73711934434077,42.339829250292624
5.010045253737029,4.949650523886135,1,25.32930176024649,25.898404145875066
5.4960479481769555,5.357394010539899,1,29.256677526320555,28.333101744705505
6.710735530915469,6.06629140724912,1,41.384834332507225,45.67986178616721
5.9473808664774905,5.368457694611986,1,32.574635220188284,34.27229441938768
5.376475970671978,3.983561240949755,1,22.24938770573834,30.15877752516982
6.403259664903967,7.039553756313381,1,45.22871218999036,41.16303387884876
4.540142808667821,4.5015061147361815,1,20.731176464896702,21.25702049094824
4.057612912794543,5.827550715613646,1,24.353038677804555,16.546211363901733
3.878235631911375,8.617509614580115,1,33.64442981413795,13.288334521486025
2.9126798706144013,4.703883947314309,1,13.450291033153494,7.622974865286987
7.226959129997767,2.998717659314212,1,21.44733854800245,52.90132760426947
3.850884752657306,5.766939598775912,1,22.32709724730867,14.995969195608366
5.230056431324306,7.077436789008358,1,36.370113084671296,28.53448018014241
4.991140275806752,8.597528006410084,1,42.83983884748781,25.314755815817474
5.59889374533908,4.603044878730574,1,26.32023274015482,30.380909280894407
5.7606490759860645,7.104118398023829,1,39.82870615968893,32.389013638938465
5.679748588727223,5.661347596410149,1,32.92227207190206,32.36246142167212
4.645204985045494,6.090521135698067,1,28.85290625042118,19.2638852870914
5.078980152593886,9.455672149506695,1,47.79528886886403,27.469481276065594
5.752639148262424,4.162632174713336,1,24.21781622200859,33.53460390649899
4.545245573407329,6.704713030154793,1,30.476141084730678,21.886291919627794
6.699215537013888,6.208167904051168,1,42.204850063429866,43.29888487055911
5.048227198044446,7.306690424256065,1,37.37717489880535,26.729163003430937
5.690624232836537,5.895607474885292,1,32.849651402282966,34.614703070374176
6.028140548707988,6.51421163697317,1,39.56221451843549,35.017600119600125
6.150872629465398,5.8599235150469084,1,35.94082923264107,38.60463589881034
5.391267653134324,6.170772737602317,1,33.30970374033756,29.066876852419778
3.516333925449225,4.8367587316125356,1,16.643572866697017,10.820170427016912
5.536873855394374,6.684377233305526,1,37.88462207724316,31.14985606240163
3.939199999884288,5.793548682748498,1,23.34197788036379,16.350899843925724
4.444084484965438,6.651519482957807,1,29.190028953671636,19.14876035684167
4.747659629360386,6.090414216552701,1,28.247908398554703,23.706188476513617
6.306042531128404,7.3798673354414746,1,46.34492097589026,38.09940899761113
4.534256761295126,5.549478938469032,1,25.380013721463758,19.06472823090092
5.701514668822905,3.8496460878183947,1,22.068916561446397,32.64386691439151
7.105658644928115,7.390213407917802,1,53.13890020221892,50.51577005621393
5.4048297920272494,5.477777028892731,1,30.001412340932372,28.495611592361215
8.31815329374625,5.321255922262889,1,44.74780698951424,70.00126865423346
5.337385653947248,5.051445826977275,1,27.124942188905422,29.01857993317784
3.587369924303268,7.603353946905474,1,26.58139390785575,13.72736204472965
6.108333252493101,3.195740259843619,1,19.42279722996027,37.18859868816068
5.348307637205372,10.007222517151467,1,54.05174948564909,29.20697485016765
6.759414073645904,7.707923984444854,1,52.07528839478703,45.24402831597232
5.408611432673465,6.346135439291121,1,34.57532587455607,31.306896319732704
4.600344169159547,5.7091482775262685,1,26.104672831762173,20.350620704598253
3.4706950231097875,6.938352502861689,1,23.56599957599248,14.151021372897361
4.611381104566168,6.692251656349207,1,30.798850803067317,21.2997236386393
3.747460207541694,7.069432164525743,1,26.646939447991894,12.667947117539693
4.728349125343402,6.539817853571055,1,30.594698168107143,23.725364801624316
5.569779924751721,6.22538957395518,1,34.5561942503459,31.148349798562244
6.942646445293611,5.8367930509434345,1,40.0530589060539,49.05146376272825
5.263033272881175,5.236449943621588,1,28.11923274383922,28.92337514999692
3.1383476415967424,6.351201768679707,1,19.785051213247,10.18718147366086
5.570080142559581,7.861094464203948,1,44.513303946410545,30.433551949723746
5.742618142684283,6.652465144121324,1,38.96694095547639,33.95337651035594
4.308648591423039,1.8468138527996791,1,7.916748923125022,18.565208191826336
4.442086605009948,6.956939493629754,1,30.399103370243743,20.41799122501722
5.612339813971359,6.279166362958726,1,34.19786643851633,29.34462761369661
4.410020672261952,6.082379301189302,1,26.087399918269636,19.895264046787613
5.7448346146096885,5.552399229842675,1,31.210697877283046,32.36453892407262
5.246069039827841,7.613218832773596,1,40.62870642577856,29.174550007818734
5.20759089505801,7.665976110577257,1,39.97917968878781,27.742090278180175
4.1868024180187176,5.165689993367902,1,21.82252561701382,17.769172233376676
4.578738999759862,6.214271323588913,1,27.34331595993833,21.451160821272165
5.87382551801065,5.145615100910064,1,29.625462070977846,33.503385363156355
4.971589582731086,4.698680754820876,1,23.80345218146965,26.33995966964831
7.119407867190686,6.130884628386671,1,43.791655312365805,52.67733879783354
4.647017294671444,6.7840633041257075,1,31.452056863075263,21.98768324752372
4.750686967458586,7.311927162933995,1,35.01909825925702,24.159430231354495
5.73783602647656,6.042381435169784,1,35.48809278749824,32.353614068059784
3.402985013694948,7.108569269816159,1,24.0798334622283,10.783193437207425
3.0911220191041417,6.5065716837994145,1,20.147291902000916,9.595960085719389
2.9827169365707187,5.743107664657648,1,17.226362959289126,9.331541362073711
7.112345516443427,6.329114817070549,1,46.21090620988438,50.191472064029796
4.84787425609438,6.533777471405809,1,30.625253466468145,24.039652993271126
7.9946547103528225,6.839199606546891,1,55.018650856917674,64.22089341984
4.400938699861996,6.952941051551895,1,30.542066227254367,18.36995466465194
5.139343742546395,7.146124837713576,1,37.00977783125074,26.931647121502508
6.410745409817992,5.837357755927162,1,37.09312816227815,41.96118495202398
7.2299463325306945,7.399732584166303,1,53.47518694317181,52.443593288864434
7.344979696342863,5.342178817019363,1,39.5939002349729,55.101374842950584
5.95667468100797,4.757473612042974,1,29.895177710941834,34.26456946186445
6.226721703566079,6.281026393614467,1,39.51422146049161,39.240013595792696
5.605201929473877,5.1398209291823544,1,28.385701390387894,30.248007963780896
